Date,Open,High,Low,Close,Volume,Dividends,Stock Splits
2016-02-22,42.08,43.1,42.07,43.09,16793600,0.0,0
2016-02-23,42.85,42.85,42.11,42.37,9358700,0.0,0
2016-02-24,42.01,43.41,41.79,43.29,10966600,0.0,0
2016-02-25,43.27,43.52,42.77,43.39,8352400,0.0,0
2016-02-26,43.69,43.69,43.04,43.37,9528400,0.0,0
2016-02-29,43.4,43.71,43.01,43.08,12127300,0.48,0
2016-03-01,43.32,44.2,43.31,44.2,11977400,0.0,0
2016-03-02,44.43,44.94,44.31,44.82,15664800,0.0,0
2016-03-03,44.49,44.79,43.99,44.43,12365200,0.0,0
2016-03-04,44.38,44.87,44.02,44.66,12770300,0.0,0
2016-03-07,44.48,45.39,44.41,45.21,10171500,0.0,0
2016-03-08,44.86,45.13,44.09,44.49,11684300,0.0,0
2016-03-09,44.45,44.54,43.88,44.06,13964500,0.0,0
2016-03-10,44.03,44.42,43.4,44.12,9539100,0.0,0
2016-03-11,44.6,44.65,44.01,44.29,11404300,0.0,0
2016-03-14,44.31,44.45,43.88,44.18,7407200,0.0,0
2016-03-15,43.89,43.96,43.24,43.79,12887600,0.0,0
2016-03-16,43.79,43.79,43.18,43.51,21052300,0.0,0
2016-03-17,43.38,43.84,43.36,43.58,10190400,0.0,0
2016-03-18,43.84,43.99,43.45,43.76,28991500,0.0,0
2016-03-21,43.76,44.4,43.69,44.28,11796500,0.0,0
2016-03-22,43.97,44.38,43.93,44.12,6623200,0.0,0
2016-03-23,44.21,44.24,43.09,43.25,9194600,0.0,0
2016-03-24,42.94,43.17,42.52,43.14,7527300,0.0,0
2016-03-28,42.77,42.92,42.37,42.57,9065200,0.0,0
2016-03-29,42.41,43.2,42.13,42.99,10462600,0.0,0
2016-03-30,43.4,43.81,43.03,43.25,7142800,0.0,0
2016-03-31,43.15,43.62,43.11,43.37,7315800,0.0,0
2016-04-01,43.32,43.35,42.42,43.15,9379800,0.0,0
2016-04-04,43.09,43.35,42.84,42.96,6289600,0.0,0
2016-04-05,42.78,42.86,42.41,42.47,6863300,0.0,0
2016-04-06,42.53,43.03,42.18,42.93,7631600,0.0,0
2016-04-07,42.75,42.79,42.21,42.43,7532200,0.0,0
2016-04-08,42.72,43.38,42.62,42.88,5584800,0.0,0
2016-04-11,43.14,43.75,43.14,43.26,8637200,0.0,0
2016-04-12,43.3,43.34,42.58,43.1,6116900,0.0,0
2016-04-13,43.51,44.48,43.38,44.04,13813500,0.0,0
2016-04-14,43.98,44.01,43.46,43.95,7921400,0.0,0
2016-04-15,44.04,44.1,43.28,43.31,10143300,0.0,0
2016-04-18,43.33,43.87,43.2,43.72,7673100,0.0,0
2016-04-19,43.87,44.04,43.51,43.96,9306400,0.0,0
2016-04-20,44.04,44.56,43.94,44.18,11216900,0.0,0
2016-04-21,43.51,43.93,43.04,43.82,16728600,0.0,0
2016-04-22,43.86,45.03,43.83,44.65,14029800,0.0,0
2016-04-25,44.61,44.71,44.13,44.47,6941200,0.0,0
2016-04-26,44.56,44.92,44.49,44.88,7600100,0.0,0
2016-04-27,44.13,45.06,44.11,44.87,8256600,0.0,0
2016-04-28,44.51,45.19,44.14,44.21,7795000,0.0,0
2016-04-29,43.96,44.1,42.5,42.85,11437400,0.0,0
2016-05-02,42.99,43.4,42.52,43.35,7123500,0.0,0
2016-05-03,42.98,43.19,42.57,43.03,7848600,0.0,0
2016-05-04,42.57,43.15,42.53,42.82,11981800,0.0,0
2016-05-05,43.04,43.48,42.77,43.37,10189100,0.0,0
2016-05-06,42.96,43.36,42.73,43.19,9434500,0.0,0
2016-05-09,43.26,43.76,43.08,43.43,7173600,0.0,0
2016-05-10,43.48,44.3,43.23,44.23,8199000,0.0,0
2016-05-11,43.96,44.55,43.84,44.23,8324100,0.0,0
2016-05-12,44.38,44.55,43.56,43.69,9516000,0.0,0
2016-05-13,43.65,44.17,43.35,43.53,6975100,0.0,0
2016-05-16,43.53,44.25,43.36,44.03,6823600,0.0,0
2016-05-17,43.88,44.34,43.68,44.1,9386200,0.0,0
2016-05-18,44.16,45.24,44.1,44.77,10507200,0.0,0
2016-05-19,44.71,45.02,44.32,44.75,8614000,0.0,0
2016-05-20,44.93,46.29,44.84,46.24,14003600,0.0,0
2016-05-23,45.97,46.53,45.93,45.95,9685300,0.0,0
2016-05-24,46.16,47.17,46.14,47.15,13097700,0.0,0
2016-05-25,47.24,47.73,47.23,47.48,9266500,0.0,0
2016-05-26,47.47,47.62,47.08,47.28,7020900,0.0,0
2016-05-27,47.38,47.43,47.11,47.33,5918200,0.53,0
2016-05-31,47.43,47.46,46.94,47.03,15093400,0.0,0
2016-06-01,46.67,47.07,46.63,46.92,12156800,0.0,0
2016-06-02,46.8,47.03,46.49,46.99,9036200,0.0,0
2016-06-03,47.09,47.1,46.64,47.04,10008100,0.0,0
2016-06-06,47.08,47.41,46.81,47.0,7905100,0.0,0
2016-06-07,47.04,47.25,46.81,46.96,5400200,0.0,0
2016-06-08,46.86,47.14,46.81,47.04,6314800,0.0,0
2016-06-09,46.58,47.13,46.4,47.08,8726200,0.0,0
2016-06-10,46.63,46.88,45.73,46.09,15791600,0.0,0
2016-06-13,45.9,46.15,45.16,45.24,12128900,0.0,0
2016-06-14,45.09,45.6,44.93,45.13,8887300,0.0,0
2016-06-15,45.43,45.86,45.1,45.62,8832400,0.0,0
2016-06-16,45.36,45.79,44.94,45.74,5907500,0.0,0
2016-06-17,46.01,46.09,45.47,45.85,14548800,0.0,0
2016-06-20,46.39,46.81,46.12,46.15,8680800,0.0,0
2016-06-21,46.45,46.45,45.9,46.14,6431700,0.0,0
2016-06-22,46.15,47.07,46.15,46.27,8481600,0.0,0
2016-06-23,46.97,47.58,46.73,47.57,8952200,0.0,0
2016-06-24,45.39,46.09,44.63,44.63,17018500,0.0,0
2016-06-27,44.78,44.78,43.53,43.79,11642700,0.0,0
2016-06-28,44.27,45.01,44.12,44.96,7470400,0.0,0
2016-06-29,45.43,46.1,45.17,45.85,7126900,0.0,0
2016-06-30,45.3,45.87,44.92,45.87,9254400,0.0,0
2016-07-01,45.38,45.72,45.25,45.38,6385000,0.0,0
2016-07-05,45.34,45.36,44.43,44.48,10626200,0.0,0
2016-07-06,44.16,44.98,43.81,44.84,7740700,0.0,0
2016-07-07,45.02,45.71,44.88,45.32,5763300,0.0,0
2016-07-08,45.8,46.52,45.66,46.4,6853900,0.0,0
2016-07-11,46.21,46.85,46.19,46.34,6941600,0.0,0
2016-07-12,46.63,46.87,46.42,46.77,7413700,0.0,0
2016-07-13,47.02,47.1,46.78,46.95,5676400,0.0,0
2016-07-14,47.26,47.41,46.72,46.99,6601500,0.0,0
2016-07-15,46.98,46.98,46.39,46.88,10236900,0.0,0
2016-07-18,47.22,47.65,47.08,47.4,9225900,0.0,0
2016-07-19,47.72,47.87,47.05,47.22,8164200,0.0,0
2016-07-20,47.4,47.91,47.13,47.8,17204300,0.0,0
2016-07-21,51.21,51.78,50.63,51.32,33912300,0.0,0
2016-07-22,51.56,52.39,51.23,52.36,12505700,0.0,0
2016-07-25,52.2,52.21,51.51,52.0,9166200,0.0,0
2016-07-26,52.23,52.66,52.04,52.53,11272600,0.0,0
2016-07-27,52.94,53.66,52.79,53.53,13395100,0.0,0
2016-07-28,53.47,53.77,53.24,53.46,8514200,0.0,0
2016-07-29,53.6,53.79,53.3,53.59,8291000,0.0,0
2016-08-01,53.41,53.43,52.73,52.96,14606200,0.0,0
2016-08-02,52.87,53.05,51.39,51.89,14732800,0.0,0
2016-08-03,51.88,52.33,51.81,52.24,6448200,0.0,0
2016-08-04,52.33,52.43,52.0,52.22,5169600,0.0,0
2016-08-05,52.68,53.18,52.47,53.09,8320700,0.0,0
2016-08-08,53.13,53.25,52.55,52.73,8410600,0.0,0
2016-08-09,53.01,53.47,52.94,53.08,5350300,0.0,0
2016-08-10,53.09,53.23,52.61,52.84,3836200,0.0,0
2016-08-11,53.0,53.23,52.81,52.87,4988300,0.0,0
2016-08-12,52.7,53.08,52.47,52.84,4947700,0.0,0
2016-08-15,52.92,53.51,52.92,53.46,6499000,0.0,0
2016-08-16,53.16,53.52,52.88,53.15,7650600,0.0,0
2016-08-17,53.28,53.43,52.91,53.33,6812400,0.0,0
2016-08-18,53.39,53.98,53.24,53.98,7935900,0.0,0
2016-08-19,53.61,53.81,53.1,53.74,7093000,0.0,0
2016-08-22,53.69,53.84,53.39,53.8,5720900,0.0,0
2016-08-23,53.95,54.54,53.8,54.02,5970600,0.0,0
2016-08-24,53.88,54.15,53.49,53.61,6902400,0.0,0
2016-08-25,53.66,53.91,53.59,53.64,4916700,0.0,0
2016-08-26,53.85,54.38,53.65,53.92,7255600,0.0,0
2016-08-29,53.9,54.48,53.86,54.39,5354700,0.53,0
2016-08-30,54.4,54.84,54.15,54.35,5047600,0.0,0
2016-08-31,54.39,54.51,54.0,54.46,6516600,0.0,0
2016-09-01,54.29,54.84,53.98,54.81,6906300,0.0,0
2016-09-02,54.86,55.01,54.48,54.71,6325900,0.0,0
2016-09-06,54.51,54.74,54.3,54.48,5603000,0.0,0
2016-09-07,54.57,54.62,53.82,53.91,6281600,0.0,0
2016-09-08,53.57,54.24,53.55,54.14,7698100,0.0,0
2016-09-09,53.55,53.79,52.25,52.26,10625600,0.0,0
2016-09-12,52.01,53.77,51.75,53.76,10158600,0.0,0
2016-09-13,53.39,53.71,52.63,52.93,8397100,0.0,0
2016-09-14,52.93,53.5,52.71,53.19,5982400,0.0,0
2016-09-15,53.5,54.12,53.15,54.01,8871200,0.0,0
2016-09-16,54.3,54.78,53.86,54.4,14677700,0.0,0
2016-09-19,54.52,54.74,54.2,54.28,6759900,0.0,0
2016-09-20,54.64,54.66,54.0,54.15,5471400,0.0,0
2016-09-21,54.49,54.96,54.33,54.9,7488600,0.0,0
2016-09-22,55.02,55.27,54.72,54.85,7895700,0.0,0
2016-09-23,54.4,54.9,54.12,54.19,7794700,0.0,0
2016-09-26,53.96,54.02,53.42,53.81,6207400,0.0,0
2016-09-27,54.0,54.72,53.92,54.67,5228300,0.0,0
2016-09-28,54.6,55.0,54.4,54.79,5251900,0.0,0
2016-09-29,54.65,59.44,54.15,58.25,43098800,0.0,0
2016-09-30,59.07,60.79,58.85,59.15,34879500,0.0,0
2016-10-03,58.79,59.83,57.75,57.95,10153600,0.0,0
2016-10-04,58.46,58.46,57.48,57.58,9746400,0.0,0
2016-10-05,57.72,58.22,57.47,57.72,6362000,0.0,0
2016-10-06,57.69,59.86,57.19,58.33,12957200,0.0,0
2016-10-07,58.32,59.01,58.28,58.89,8398100,0.0,0
2016-10-10,59.02,59.22,57.91,58.07,7029800,0.0,0
2016-10-11,57.86,57.94,56.52,57.07,8910600,0.0,0
2016-10-12,57.42,57.42,56.18,57.05,6615700,0.0,0
2016-10-13,56.61,57.05,55.53,56.74,7236600,0.0,0
2016-10-14,56.94,57.5,56.52,56.74,6743100,0.0,0
2016-10-17,56.59,56.74,56.21,56.3,6348200,0.0,0
2016-10-18,57.15,57.19,56.62,57.08,5966900,0.0,0
2016-10-19,56.89,57.06,56.4,56.81,5414700,0.0,0
2016-10-20,56.55,58.87,56.55,58.15,13579000,0.0,0
2016-10-21,57.95,59.97,57.6,58.66,19676600,0.0,0
2016-10-24,59.07,59.11,58.27,58.77,6669600,0.0,0
2016-10-25,58.64,58.94,58.27,58.47,5370000,0.0,0
2016-10-26,58.13,59.26,58.07,58.89,9241200,0.0,0
2016-10-27,61.14,61.85,60.45,60.53,33941700,0.0,0
2016-10-28,60.9,60.91,58.43,59.07,17952700,0.0,0
2016-10-31,59.59,60.03,59.31,59.34,10108300,0.0,0
2016-11-01,59.59,59.89,58.33,59.02,8910100,0.0,0
2016-11-02,59.12,59.24,57.88,57.94,15183000,0.0,0
2016-11-03,58.45,59.21,56.93,57.82,15642500,0.0,0
2016-11-04,56.77,58.21,56.77,57.63,8584300,0.0,0
2016-11-07,58.48,59.22,58.2,59.12,9205300,0.0,0
2016-11-08,58.91,59.34,58.4,58.96,6696600,0.0,0
2016-11-09,57.54,58.8,57.21,58.62,11604400,0.0,0
2016-11-10,58.56,58.9,55.54,57.26,17774400,0.0,0
2016-11-11,56.88,57.86,56.86,57.76,10239800,0.0,0
2016-11-14,58.22,58.22,56.93,56.93,8256800,0.0,0
2016-11-15,57.22,58.0,56.95,57.66,9615200,0.0,0
2016-11-16,57.61,57.61,56.69,57.25,9552200,0.0,0
2016-11-17,57.38,57.66,57.13,57.57,6982500,0.0,0
2016-11-18,57.58,58.26,56.94,58.13,9889300,0.0,0
2016-11-21,57.74,58.03,57.12,57.95,7868900,0.0,0
2016-11-22,58.35,59.24,57.89,58.99,9803600,0.0,0
2016-11-23,59.01,59.15,58.51,58.83,4820300,0.0,0
2016-11-25,58.86,59.08,58.47,58.97,4200100,0.0,0
2016-11-28,58.68,58.92,58.14,58.4,8225200,0.53,0
2016-11-29,58.51,58.78,57.99,58.11,6544900,0.0,0
2016-11-30,58.14,59.45,57.88,59.29,12470000,0.0,0
2016-12-01,58.94,59.11,55.51,55.84,16563900,0.0,0
2016-12-02,55.66,57.73,55.66,57.3,9687000,0.0,0
2016-12-05,57.77,58.26,57.17,57.75,8708200,0.0,0
2016-12-06,58.01,58.73,57.88,58.7,6701800,0.0,0
2016-12-07,58.62,59.48,58.28,59.48,7202700,0.0,0
2016-12-08,59.55,60.21,59.5,59.66,5552600,0.0,0
2016-12-09,59.71,59.96,59.01,59.63,5551800,0.0,0
2016-12-12,59.5,59.75,59.11,59.59,5615200,0.0,0
2016-12-13,59.81,61.13,59.61,60.35,8494200,0.0,0
2016-12-14,59.74,60.21,58.62,58.8,9957700,0.0,0
2016-12-15,59.27,59.85,58.58,59.21,7162400,0.0,0
2016-12-16,59.61,59.61,57.7,57.84,18155600,0.0,0
2016-12-19,58.13,58.69,58.0,58.33,7884700,0.0,0
2016-12-20,58.64,58.8,58.11,58.23,6685400,0.0,0
2016-12-21,58.37,58.62,58.15,58.45,5211400,0.0,0
2016-12-22,58.87,58.96,57.84,58.1,5900200,0.0,0
2016-12-23,58.22,58.26,57.89,58.19,3088100,0.0,0
2016-12-27,58.43,58.82,58.36,58.53,3028200,0.0,0
2016-12-28,58.01,58.37,57.18,57.22,6547200,0.0,0
2016-12-29,57.01,57.51,56.94,57.48,3700800,0.0,0
2016-12-30,57.66,57.75,56.61,56.74,5941900,0.0,0
2017-01-03,57.32,57.56,56.22,56.92,9519800,0.0,0
2017-01-04,57.15,57.4,56.8,56.98,6221700,0.0,0
2017-01-05,56.76,57.42,56.61,57.05,5998900,0.0,0
2017-01-06,56.99,57.33,56.45,57.03,6749400,0.0,0
2017-01-09,57.03,57.68,57.0,57.14,4769200,0.0,0
2017-01-10,57.4,57.58,57.07,57.12,6076000,0.0,0
2017-01-11,57.22,57.54,56.94,57.53,8349800,0.0,0
2017-01-12,56.88,57.6,56.61,57.55,6113600,0.0,0
2017-01-13,57.66,58.38,57.58,58.21,6177400,0.0,0
2017-01-17,58.06,58.29,54.96,55.87,22426300,0.0,0
2017-01-18,56.28,57.52,55.53,56.68,15883200,0.0,0
2017-01-19,56.54,56.92,56.01,56.08,9429200,0.0,0
2017-01-20,56.74,57.21,54.5,54.73,20936900,0.0,0
2017-01-23,51.06,51.06,46.8,47.76,94436000,0.0,0
2017-01-24,47.88,48.54,47.61,47.87,41751800,0.0,0
2017-01-25,48.82,49.59,48.3,49.52,27307900,0.0,0
2017-01-26,48.17,48.29,46.56,47.04,37888200,0.0,0
2017-01-27,47.56,47.66,47.0,47.21,23474400,0.0,0
2017-01-30,47.34,47.35,46.61,46.66,14853900,0.0,0
2017-01-31,46.66,46.68,45.98,46.5,13995400,0.0,0
2017-02-01,46.68,46.84,46.0,46.26,16102100,0.0,0
2017-02-02,46.08,46.21,45.58,45.83,14481200,0.0,0
2017-02-03,46.08,46.32,45.91,46.11,10965300,0.0,0
2017-02-06,46.4,46.48,45.97,46.02,8215100,0.0,0
2017-02-07,46.32,46.37,45.92,46.36,10374100,0.0,0
2017-02-08,46.47,46.47,45.88,46.03,9229000,0.0,0
2017-02-09,46.05,46.21,45.92,46.02,7615100,0.0,0
2017-02-10,46.21,47.24,46.07,47.0,14042200,0.0,0
2017-02-13,47.5,47.98,47.22,47.81,14516200,0.0,0
2017-02-14,48.24,48.32,47.71,48.29,13072000,0.0,0
2017-02-15,48.42,49.17,48.29,49.16,14149200,0.0,0
2017-02-16,49.24,49.52,49.13,49.5,11622900,0.0,0
2017-02-17,49.48,49.56,48.78,49.14,12456600,0.0,0
2017-02-21,49.46,49.77,49.24,49.39,9878200,0.0,0
2017-02-22,49.42,49.7,49.16,49.7,8711500,0.0,0
2017-02-23,49.62,49.88,49.41,49.73,10152800,0.0,0
2017-02-24,49.63,49.81,49.17,49.8,10644800,0.0,0
2017-02-27,49.69,50.05,49.47,49.83,7127600,0.53,0
2017-02-28,49.62,49.65,49.1,49.62,10388200,0.0,0
2017-03-01,50.01,50.14,49.43,50.08,11082400,0.0,0
2017-03-02,50.03,50.2,49.4,49.52,8451700,0.0,0
2017-03-03,49.65,49.69,49.19,49.58,6971400,0.0,0
2017-03-06,49.43,49.69,49.25,49.59,7241600,0.0,0
2017-03-07,49.72,49.91,49.36,49.83,7131700,0.0,0
2017-03-08,50.0,51.02,49.9,50.75,13201700,0.0,0
2017-03-09,50.64,51.04,50.42,50.92,9875600,0.0,0
2017-03-10,51.27,51.64,51.21,51.51,9752000,0.0,0
2017-03-13,51.86,51.86,51.13,51.35,7737900,0.0,0
2017-03-14,51.28,51.28,50.7,51.14,6276900,0.0,0
2017-03-15,51.32,51.61,51.11,51.41,9029500,0.0,0
2017-03-16,51.21,51.59,51.09,51.26,7206200,0.0,0
2017-03-17,51.45,51.49,50.52,50.56,20057800,0.0,0
2017-03-20,50.77,51.01,50.59,50.78,7498200,0.0,0
2017-03-21,50.89,51.04,49.84,49.9,10092600,0.0,0
2017-03-22,49.83,50.19,49.28,50.11,9129700,0.0,0
2017-03-23,50.21,50.31,49.71,49.9,7718700,0.0,0
2017-03-24,50.48,50.48,49.76,50.0,5621400,0.0,0
2017-03-27,49.83,50.02,49.62,49.77,4726300,0.0,0
2017-03-28,49.78,50.61,49.78,50.41,5953500,0.0,0
2017-03-29,50.15,50.4,49.95,50.39,4042600,0.0,0
2017-03-30,50.39,50.64,50.24,50.25,6359000,0.0,0
2017-03-31,50.48,50.68,50.05,50.37,10065000,0.0,0
2017-04-03,50.3,50.37,49.23,49.63,11343500,0.0,0
2017-04-04,49.46,49.99,49.41,49.79,7123900,0.0,0
2017-04-05,49.9,50.54,49.56,49.61,7857700,0.0,0
2017-04-06,49.58,49.83,49.32,49.66,5757800,0.0,0
2017-04-07,49.7,49.72,49.36,49.47,5229800,0.0,0
2017-04-10,49.57,49.9,49.43,49.65,6039800,0.0,0
2017-04-11,49.47,49.51,48.07,48.62,17301800,0.0,0
2017-04-12,48.0,48.01,46.66,46.9,24822200,0.0,0
2017-04-13,46.67,47.16,46.36,46.37,17014400,0.0,0
2017-04-17,46.55,46.67,46.34,46.46,10471700,0.0,0
2017-04-18,46.21,46.54,46.02,46.27,11262800,0.0,0
2017-04-19,46.56,46.65,45.94,46.22,15441500,0.0,0
2017-04-20,46.75,46.91,45.15,46.26,24664600,0.0,0
2017-04-21,46.36,46.38,45.86,46.12,10951500,0.0,0
2017-04-24,46.57,46.78,46.34,46.39,10784400,0.0,0
2017-04-25,46.71,46.99,46.52,46.56,11688700,0.0,0
2017-04-26,46.73,46.82,46.48,46.59,7373800,0.0,0
2017-04-27,46.77,46.86,46.48,46.74,6956200,0.0,0
2017-04-28,45.5,47.39,44.85,47.21,34374100,0.0,0
2017-05-01,47.13,47.17,46.65,47.09,12987700,0.0,0
2017-05-02,47.13,47.2,46.47,46.81,10445400,0.0,0
2017-05-03,46.92,48.11,46.78,47.87,18428300,0.0,0
2017-05-04,48.08,48.31,47.88,48.24,11993400,0.0,0
2017-05-05,48.25,48.31,48.05,48.25,9108800,0.0,0
2017-05-08,48.31,48.31,47.93,47.98,7033400,0.0,0
2017-05-09,48.04,48.48,47.99,48.45,8332900,0.0,0
2017-05-10,48.51,48.69,48.19,48.6,8517700,0.0,0
2017-05-11,48.53,48.58,47.8,48.03,13514700,0.0,0
2017-05-12,47.88,48.62,47.79,48.6,9107600,0.0,0
2017-05-15,48.39,48.75,48.39,48.67,10686100,0.0,0
2017-05-16,48.66,49.18,48.4,49.15,9599300,0.0,0
2017-05-17,48.88,49.26,48.58,48.63,14811300,0.0,0
2017-05-18,48.82,49.47,48.33,49.3,13125300,0.0,0
2017-05-19,49.62,50.77,49.37,50.66,16643800,0.0,0
2017-05-22,51.29,52.3,51.28,52.07,20771500,0.0,0
2017-05-23,52.16,52.61,51.94,52.02,14223400,0.0,0
2017-05-24,52.07,52.37,51.45,51.51,8592600,0.0,0
2017-05-25,51.52,51.78,51.18,51.35,9556500,0.0,0
2017-05-26,51.15,51.43,50.89,51.03,8261900,0.57,0
2017-05-30,50.81,51.22,50.72,50.87,11553700,0.0,0
2017-05-31,50.8,51.21,50.56,50.8,14082600,0.0,0
2017-06-01,50.96,52.03,50.88,52.0,11560100,0.0,0
2017-06-02,52.24,52.3,51.76,51.97,9538000,0.0,0
2017-06-05,51.9,52.38,51.88,52.21,7960800,0.0,0
2017-06-06,51.98,52.26,51.61,51.63,7871500,0.0,0
2017-06-07,51.72,51.89,50.68,51.04,10126500,0.0,0
2017-06-08,51.25,51.59,51.11,51.56,10322200,0.0,0
2017-06-09,51.78,51.89,50.33,50.61,13624800,0.0,0
2017-06-12,50.14,51.17,50.1,51.0,9985100,0.0,0
2017-06-13,51.41,51.51,51.01,51.04,7111500,0.0,0
2017-06-14,51.19,51.43,50.27,50.57,6740000,0.0,0
2017-06-15,50.05,50.72,50.03,50.5,5416600,0.0,0
2017-06-16,50.55,50.57,49.99,50.41,14555600,0.0,0
2017-06-19,50.53,51.15,50.49,51.11,7166200,0.0,0
2017-06-20,50.97,51.11,50.13,50.38,8181600,0.0,0
2017-06-21,50.38,50.42,49.78,49.97,8324900,0.0,0
2017-06-22,49.89,50.34,49.73,50.09,5560100,0.0,0
2017-06-23,50.25,50.96,50.18,50.49,11847900,0.0,0
2017-06-26,50.64,51.18,49.86,50.17,7339100,0.0,0
2017-06-27,49.94,49.97,49.15,49.17,6814400,0.0,0
2017-06-28,49.15,49.96,48.95,49.82,7542400,0.0,0
2017-06-29,49.62,49.62,48.39,48.86,8456900,0.0,0
2017-06-30,49.32,49.35,48.82,48.99,8781900,0.0,0
2017-07-03,49.26,49.7,48.72,48.75,4379600,0.0,0
2017-07-05,48.8,49.29,48.6,49.19,6823800,0.0,0
2017-07-06,48.81,48.99,48.56,48.6,5663000,0.0,0
2017-07-07,48.83,49.44,48.68,49.1,5356000,0.0,0
2017-07-10,49.12,49.58,48.96,49.36,5098100,0.0,0
2017-07-11,49.35,49.35,48.81,49.08,6124900,0.0,0
2017-07-12,49.49,49.95,49.43,49.86,6126800,0.0,0
2017-07-13,50.01,50.14,49.83,49.88,6219200,0.0,0
2017-07-14,50.12,50.5,49.81,50.4,4440100,0.0,0
2017-07-17,50.33,50.49,50.02,50.09,5123600,0.0,0
2017-07-18,49.98,50.01,49.68,49.94,7441000,0.0,0
2017-07-19,50.09,50.51,49.69,50.37,8783700,0.0,0
2017-07-20,48.89,49.17,47.42,47.88,35943900,0.0,0
2017-07-21,47.6,47.9,47.34,47.76,12113100,0.0,0
2017-07-24,47.68,47.8,47.1,47.21,8832200,0.0,0
2017-07-25,47.19,47.59,47.08,47.26,7112100,0.0,0
2017-07-26,47.27,47.33,46.79,47.14,7581500,0.0,0
2017-07-27,47.09,47.34,46.33,46.56,14069200,0.0,0
2017-07-28,46.37,47.01,46.37,46.91,6644300,0.0,0
2017-07-31,47.11,47.28,46.79,47.19,11302700,0.0,0
2017-08-01,47.28,47.4,46.94,47.38,9372100,0.0,0
2017-08-02,47.28,47.36,46.82,47.17,23084000,0.0,0
2017-08-03,47.16,47.32,46.79,46.97,8643500,0.0,0
2017-08-04,47.02,47.02,46.58,46.68,8677900,0.0,0
2017-08-07,46.57,46.88,46.56,46.75,6561800,0.0,0
2017-08-08,46.62,47.31,46.32,46.39,10462200,0.0,0
2017-08-09,46.17,46.84,46.13,46.81,8085300,0.0,0
2017-08-10,46.61,46.79,46.23,46.43,10768000,0.0,0
2017-08-11,46.48,47.13,46.39,46.77,5894200,0.0,0
2017-08-14,47.05,47.58,46.94,47.5,8118200,0.0,0
2017-08-15,47.6,47.97,47.33,47.79,7876300,0.0,0
2017-08-16,47.96,47.99,47.25,47.29,7414900,0.0,0
2017-08-17,47.19,47.38,46.37,46.37,6589400,0.0,0
2017-08-18,46.36,46.5,46.04,46.06,6696400,0.0,0
2017-08-21,46.13,46.2,45.69,46.11,5205700,0.0,0
2017-08-22,46.32,46.68,46.32,46.44,4443300,0.0,0
2017-08-23,46.4,46.49,45.93,46.33,5259300,0.0,0
2017-08-24,46.46,46.76,46.36,46.56,6198600,0.0,0
2017-08-25,46.82,46.88,46.15,46.16,8684700,0.0,0
2017-08-28,46.43,46.47,46.16,46.47,4519000,0.57,0
2017-08-29,46.02,46.51,45.99,46.47,4980900,0.0,0
2017-08-30,46.85,46.9,46.25,46.75,4876200,0.0,0
2017-08-31,46.87,47.17,46.75,46.88,8215800,0.0,0
2017-09-01,47.12,47.33,46.58,46.69,5301300,0.0,0
2017-09-05,46.51,46.55,44.69,44.87,17811100,0.0,0
2017-09-06,45.02,45.54,44.69,45.25,16206900,0.0,0
2017-09-07,45.35,45.47,45.07,45.19,10035500,0.0,0
2017-09-08,45.16,45.25,43.88,44.52,12809400,0.0,0
2017-09-11,44.79,45.45,44.77,45.36,7473500,0.0,0
2017-09-12,45.38,45.81,45.31,45.65,4526800,0.0,0
2017-09-13,45.56,45.84,45.49,45.75,6191400,0.0,0
2017-09-14,45.72,46.27,45.45,46.17,7741300,0.0,0
2017-09-15,46.6,46.9,46.14,46.81,13177900,0.0,0
2017-09-18,46.86,46.97,46.6,46.86,6002700,0.0,0
2017-09-19,47.0,47.09,46.69,46.91,5825200,0.0,0
2017-09-20,47.03,47.11,46.17,46.62,8400300,0.0,0
2017-09-21,46.51,46.82,46.38,46.67,5750600,0.0,0
2017-09-22,46.48,46.85,46.44,46.72,4105100,0.0,0
2017-09-25,46.55,46.9,46.29,46.3,8178400,0.0,0
2017-09-26,46.42,46.52,45.61,45.86,9378800,0.0,0
2017-09-27,46.13,46.29,45.88,46.24,8200600,0.0,0
2017-09-28,46.08,46.68,46.02,46.42,5732900,0.0,0
2017-09-29,46.56,46.68,46.3,46.5,5371200,0.0,0
2017-10-02,46.72,46.78,46.37,46.53,4439200,0.0,0
2017-10-03,46.63,46.84,46.33,46.66,4378000,0.0,0
2017-10-04,46.58,46.75,46.34,46.6,4587700,0.0,0
2017-10-05,46.79,47.03,46.6,46.95,5179100,0.0,0
2017-10-06,46.78,47.21,46.78,47.08,4795300,0.0,0
2017-10-09,47.25,47.52,46.98,47.43,5817500,0.0,0
2017-10-10,47.49,48.34,47.45,48.32,8761700,0.0,0
2017-10-11,48.25,48.78,48.13,48.54,9427300,0.0,0
2017-10-12,48.33,48.6,47.5,47.54,7062300,0.0,0
2017-10-13,47.88,47.88,47.3,47.38,7005600,0.0,0
2017-10-16,47.52,47.54,46.92,46.98,5930900,0.0,0
2017-10-17,46.93,47.04,46.51,47.01,7662900,0.0,0
2017-10-18,47.12,47.24,46.66,46.83,6032600,0.0,0
2017-10-19,46.67,47.0,46.65,46.9,6825200,0.0,0
2017-10-20,47.1,47.17,46.59,46.66,8845000,0.0,0
2017-10-23,46.91,48.24,46.76,47.89,9775400,0.0,0
2017-10-24,47.93,48.83,47.9,48.66,11415700,0.0,0
2017-10-25,48.42,48.82,47.97,48.29,7581500,0.0,0
2017-10-26,48.52,48.78,48.14,48.25,5270800,0.0,0
2017-10-27,48.17,49.06,47.86,48.95,8962400,0.0,0
2017-10-30,48.58,49.12,48.51,49.03,7081500,0.0,0
2017-10-31,46.87,47.08,44.86,45.75,29914100,0.0,0
2017-11-01,46.17,47.98,45.3,47.95,15624400,0.0,0
2017-11-02,48.08,49.94,48.08,49.19,17337800,0.0,0
2017-11-03,49.12,58.29,48.62,55.44,80964500,0.0,0
2017-11-06,57.89,58.6,55.74,56.08,58900800,0.0,0
2017-11-07,56.08,57.55,56.01,57.49,23424600,0.0,0
2017-11-08,57.59,59.01,57.59,58.74,26515400,0.0,0
2017-11-09,58.22,58.6,57.34,57.94,15954900,0.0,0
2017-11-10,57.73,58.39,57.33,57.91,9626200,0.0,0
2017-11-13,58.26,59.93,58.08,59.64,24411600,0.0,0
2017-11-14,59.34,59.91,58.79,59.2,14036700,0.0,0
2017-11-15,58.79,59.63,58.52,58.85,10565400,0.0,0
2017-11-16,58.99,59.68,58.69,59.3,12339800,0.0,0
2017-11-17,59.53,60.05,59.2,59.84,13334000,0.0,0
2017-11-20,59.36,59.96,59.15,59.62,9749400,0.0,0
2017-11-21,58.61,60.03,58.54,59.8,11215800,0.0,0
2017-11-22,59.53,61.22,59.41,61.11,15489400,0.0,0
2017-11-24,61.45,62.14,61.39,61.81,9233500,0.0,0
2017-11-27,61.53,61.82,61.03,61.12,20404600,0.0,0
2017-11-28,61.13,61.88,60.8,61.85,12861300,0.57,0
2017-11-29,61.6,61.69,59.72,60.17,17022200,0.0,0
2017-11-30,60.16,60.69,59.44,60.0,15555600,0.0,0
2017-12-01,58.97,59.81,58.43,59.24,15851100,0.0,0
2017-12-04,59.34,59.43,57.71,58.39,17325100,0.0,0
2017-12-05,58.66,58.82,58.25,58.51,9661200,0.0,0
2017-12-06,58.47,59.41,58.21,58.77,6952300,0.0,0
2017-12-07,58.98,59.29,58.58,59.0,8755000,0.0,0
2017-12-08,59.34,59.34,57.78,58.1,9371900,0.0,0
2017-12-11,57.94,59.03,57.89,58.96,12185000,0.0,0
2017-12-12,58.68,58.89,58.39,58.67,7021200,0.0,0
2017-12-13,58.77,59.18,58.64,58.7,6490400,0.0,0
2017-12-14,58.67,58.95,58.39,58.52,7122000,0.0,0
2017-12-15,59.09,59.17,58.34,58.58,18833000,0.0,0
2017-12-18,58.73,59.21,58.61,59.14,7440900,0.0,0
2017-12-19,58.89,59.23,58.28,58.34,7130000,0.0,0
2017-12-20,58.39,58.95,58.19,58.43,6933600,0.0,0
2017-12-21,58.57,58.76,58.2,58.24,5451100,0.0,0
2017-12-22,58.17,58.77,58.16,58.55,4444300,0.0,0
2017-12-26,58.33,58.74,58.07,58.16,4236500,0.0,0
2017-12-27,58.18,58.47,58.05,58.38,4899600,0.0,0
2017-12-28,58.51,58.55,58.2,58.23,2451300,0.0,0
2017-12-29,58.21,58.48,57.89,57.91,6631800,0.0,0
2018-01-02,58.23,59.09,58.04,58.97,6329600,0.0,0
2018-01-03,58.99,59.75,58.51,59.64,6844200,0.0,0
2018-01-04,59.86,60.18,59.62,59.72,5060100,0.0,0
2018-01-05,59.73,60.24,59.24,60.12,5421800,0.0,0
2018-01-08,59.92,60.18,59.64,59.94,4266900,0.0,0
2018-01-09,59.37,59.57,58.74,59.04,7632300,0.0,0
2018-01-10,59.23,59.46,58.68,59.03,6569300,0.0,0
2018-01-11,58.97,59.24,58.92,59.18,4233100,0.0,0
2018-01-12,59.34,59.61,58.86,59.14,5007200,0.0,0
2018-01-16,59.9,62.09,59.72,61.73,24478800,0.0,0
2018-01-17,61.98,62.32,60.82,61.52,12559100,0.0,0
2018-01-18,61.28,61.67,61.04,61.55,6797900,0.0,0
2018-01-19,61.54,61.73,61.28,61.54,8864300,0.0,0
2018-01-22,61.33,62.18,61.24,62.11,8566200,0.0,0
2018-01-23,62.05,62.32,61.72,61.81,7825600,0.0,0
2018-01-24,61.69,61.77,60.95,61.49,12383100,0.0,0
2018-01-25,61.63,61.84,60.86,60.98,9122200,0.0,0
2018-01-26,61.45,61.99,61.14,61.99,7919000,0.0,0
2018-01-29,61.65,61.78,60.82,60.89,9745300,0.0,0
2018-01-30,60.99,61.42,60.36,60.59,8059500,0.0,0
2018-01-31,61.1,61.85,61.02,61.73,13915600,0.0,0
2018-02-01,60.6,61.82,59.99,60.42,16838500,0.0,0
2018-02-02,59.86,60.64,59.57,59.76,10971700,0.0,0
2018-02-05,59.97,60.19,54.72,55.83,35996000,0.0,0
2018-02-06,56.36,58.37,56.26,58.25,24458700,0.0,0
2018-02-07,58.09,59.81,57.91,58.83,15021200,0.0,0
2018-02-08,58.46,58.86,56.44,56.46,13451600,0.0,0
2018-02-09,56.94,58.18,55.59,57.88,23095000,0.0,0
2018-02-12,58.69,59.43,58.24,59.39,13692100,0.0,0
2018-02-13,59.0,59.48,58.77,59.43,7695900,0.0,0
2018-02-14,58.93,60.42,58.88,60.23,10370900,0.0,0
2018-02-15,60.04,60.04,57.76,59.05,15548400,0.0,0
2018-02-16,58.58,59.54,58.43,58.66,11760300,0.0,0
2018-02-20,56.99,58.01,55.95,57.88,27494600,0.0,0
2018-02-21,57.09,57.76,56.67,57.35,14895600,0.0,0
2018-02-22,57.12,57.51,56.11,56.24,11722300,0.0,0
2018-02-23,56.81,57.27,56.11,57.27,6762200,0.0,0
2018-02-26,58.39,60.93,58.06,60.58,27374300,0.0,0
2018-02-27,61.12,61.7,60.22,60.52,14326000,0.57,0
2018-02-28,60.85,60.87,59.21,59.3,9582100,0.0,0
2018-03-01,59.32,60.43,58.69,59.26,10799200,0.0,0
2018-03-02,58.67,59.16,58.41,59.06,10612700,0.0,0
2018-03-05,58.69,59.84,57.97,58.39,15445500,0.0,0
2018-03-06,57.93,57.97,55.7,56.69,23450400,0.0,0
2018-03-07,56.09,57.12,56.04,57.01,12602400,0.0,0
2018-03-08,57.15,57.24,56.17,56.4,8902100,0.0,0
2018-03-09,56.89,57.53,56.67,57.5,7655300,0.0,0
2018-03-12,57.52,57.91,56.83,57.3,15801300,0.0,0
2018-03-13,54.53,56.01,53.94,54.46,38572700,0.0,0
2018-03-14,54.64,55.08,52.82,54.85,29759100,0.0,0
2018-03-15,54.76,54.99,54.33,54.64,10494300,0.0,0
2018-03-16,55.28,56.09,55.17,55.3,25574500,0.0,0
2018-03-19,54.91,55.05,52.82,53.25,14131400,0.0,0
2018-03-20,53.81,53.91,52.87,53.15,10615400,0.0,0
2018-03-21,52.45,53.17,51.79,51.83,12231900,0.0,0
2018-03-22,51.31,51.84,50.65,50.7,13554600,0.0,0
2018-03-23,50.75,50.9,48.94,48.95,14713300,0.0,0
2018-03-26,49.79,51.21,49.49,51.21,12093900,0.0,0
2018-03-27,51.62,52.22,49.75,50.03,12243200,0.0,0
2018-03-28,50.0,51.06,49.68,49.9,12925500,0.0,0
2018-03-29,50.21,51.02,49.83,50.55,8482500,0.0,0
2018-04-02,50.27,50.39,48.41,49.09,16469600,0.0,0
2018-04-03,49.53,50.22,48.92,49.97,7930700,0.0,0
2018-04-04,49.08,50.28,48.73,50.17,7496700,0.0,0
2018-04-05,50.62,50.63,49.66,50.21,5823300,0.0,0
2018-04-06,49.65,49.96,48.45,48.46,8322200,0.0,0
2018-04-09,48.82,50.07,48.66,48.74,7608500,0.0,0
2018-04-10,49.79,50.18,49.46,49.96,12009000,0.0,0
2018-04-11,49.44,50.24,49.4,50.18,6205300,0.0,0
2018-04-12,50.6,50.77,50.19,50.36,7412700,0.0,0
2018-04-13,51.64,51.81,50.56,50.84,12588200,0.0,0
2018-04-16,51.03,51.08,49.78,49.96,7850500,0.0,0
2018-04-17,50.17,50.79,49.97,50.49,7089700,0.0,0
2018-04-18,50.3,50.74,50.06,50.38,4796800,0.0,0
2018-04-19,49.26,49.39,47.89,47.96,19179500,0.0,0
2018-04-20,48.18,48.25,46.82,46.93,11838200,0.0,0
2018-04-23,46.98,47.26,45.86,46.1,10961500,0.0,0
2018-04-24,46.42,46.79,45.05,45.56,11670000,0.0,0
2018-04-25,45.61,46.01,44.58,45.38,9619200,0.0,0
2018-04-26,45.18,46.15,44.3,46.04,13684000,0.0,0
2018-04-27,46.3,46.85,46.06,46.63,9443100,0.0,0
2018-04-30,46.75,47.27,46.53,46.53,9469600,0.0,0
2018-05-01,46.31,46.57,45.65,46.36,6780500,0.0,0
2018-05-02,46.74,46.75,45.54,45.85,8143000,0.0,0
2018-05-03,45.6,46.11,44.98,45.9,8609200,0.0,0
2018-05-04,45.78,47.98,45.54,47.88,9880600,0.0,0
2018-05-07,47.97,48.6,47.91,48.36,9571700,0.0,0
2018-05-08,48.39,48.6,47.54,48.22,9930000,0.0,0
2018-05-09,48.22,48.65,47.62,48.5,7016100,0.0,0
2018-05-10,49.67,50.24,49.22,50.15,12267200,0.0,0
2018-05-11,49.96,50.9,49.83,50.38,9639100,0.0,0
2018-05-14,52.3,52.73,51.4,51.76,15400300,0.0,0
2018-05-15,51.54,51.64,50.38,50.76,12050500,0.0,0
2018-05-16,50.87,51.83,50.79,51.73,8675600,0.0,0
2018-05-17,51.53,52.35,51.44,51.95,11450700,0.0,0
2018-05-18,51.93,52.9,51.45,52.46,11999700,0.0,0
2018-05-21,52.62,53.16,51.79,52.65,14286400,0.0,0
2018-05-22,52.83,53.24,52.06,52.35,9432500,0.0,0
2018-05-23,51.92,53.7,51.84,53.66,11322500,0.0,0
2018-05-24,53.44,54.05,52.96,53.9,12487200,0.0,0
2018-05-25,53.69,54.74,53.65,54.7,11501500,0.0,0
2018-05-29,54.85,54.94,53.19,53.68,14696300,0.62,0
2018-05-30,53.84,54.06,53.15,53.82,9146000,0.0,0
2018-05-31,53.46,53.99,53.24,53.57,12813200,0.0,0
2018-06-01,53.78,54.14,53.47,54.03,8869700,0.0,0
2018-06-04,54.04,54.27,53.42,54.12,9696700,0.0,0
2018-06-05,54.26,54.94,54.16,54.37,6562700,0.0,0
2018-06-06,54.63,55.17,54.49,55.16,6236700,0.0,0
2018-06-07,57.15,57.75,55.51,55.9,14786100,0.0,0
2018-06-08,55.54,55.88,55.13,55.55,7035300,0.0,0
2018-06-11,55.46,55.69,55.14,55.24,7369500,0.0,0
2018-06-12,55.41,55.66,54.89,55.11,7153500,0.0,0
2018-06-13,55.0,55.52,54.5,54.59,9676300,0.0,0
2018-06-14,54.65,55.03,54.34,54.81,8372900,0.0,0
2018-06-15,55.19,55.26,54.31,55.18,13804900,0.0,0
2018-06-18,54.67,54.73,54.31,54.57,6946600,0.0,0
2018-06-19,53.72,54.15,53.33,54.11,7958300,0.0,0
2018-06-20,54.55,54.57,53.75,54.19,6526400,0.0,0
2018-06-21,54.58,54.58,53.82,54.16,6605400,0.0,0
2018-06-22,54.18,54.48,53.86,53.92,8074100,0.0,0
2018-06-25,53.55,53.59,52.18,52.59,8635900,0.0,0
2018-06-26,52.62,52.68,51.91,52.04,8934700,0.0,0
2018-06-27,52.13,53.03,50.83,50.86,11832400,0.0,0
2018-06-28,50.81,52.04,50.78,51.53,11723600,0.0,0
2018-06-29,51.74,52.41,51.69,51.73,11274000,0.0,0
2018-07-02,51.07,51.82,50.81,51.79,7299900,0.0,0
2018-07-03,52.0,52.11,50.93,51.0,3618900,0.0,0
2018-07-05,51.34,52.94,51.3,52.89,11728300,0.0,0
2018-07-06,52.97,53.53,52.57,53.32,8806200,0.0,0
2018-07-09,53.52,53.75,52.75,53.5,4577100,0.0,0
2018-07-10,53.52,53.9,53.42,53.8,6848900,0.0,0
2018-07-11,52.94,53.47,52.3,52.82,8702000,0.0,0
2018-07-12,53.33,53.92,52.83,53.76,8426400,0.0,0
2018-07-13,53.69,54.18,53.63,53.82,5266100,0.0,0
2018-07-16,53.85,54.24,53.52,53.79,5907100,0.0,0
2018-07-17,53.39,54.3,53.11,54.3,7560300,0.0,0
2018-07-18,54.39,54.39,53.8,54.16,6795100,0.0,0
2018-07-19,54.12,54.93,54.06,54.67,8150200,0.0,0
2018-07-20,54.37,54.55,53.83,54.03,10859700,0.0,0
2018-07-23,53.83,54.58,53.3,54.46,8011800,0.0,0
2018-07-24,54.71,54.96,53.88,54.25,6637600,0.0,0
2018-07-25,53.97,54.85,53.24,54.77,13143100,0.0,0
2018-07-26,58.12,58.77,56.47,58.61,31025100,0.0,0
2018-07-27,58.28,58.54,57.35,57.79,13488800,0.0,0
2018-07-30,57.75,58.05,57.09,57.19,9547700,0.0,0
2018-07-31,58.84,59.6,58.53,59.08,22350800,0.0,0
2018-08-01,58.58,59.8,58.58,59.32,10706200,0.0,0
2018-08-02,58.96,59.95,58.66,59.7,10618500,0.0,0
2018-08-03,59.68,60.48,59.61,60.29,7809400,0.0,0
2018-08-06,60.71,60.86,60.22,60.59,10878400,0.0,0
2018-08-07,60.77,60.77,60.15,60.32,7810900,0.0,0
2018-08-08,60.11,60.42,60.03,60.06,7912200,0.0,0
2018-08-09,60.01,60.19,59.84,59.99,6629700,0.0,0
2018-08-10,59.59,59.86,59.45,59.75,8736000,0.0,0
2018-08-13,60.05,60.13,59.59,59.77,7092400,0.0,0
2018-08-14,60.0,60.49,59.7,60.31,7844200,0.0,0
2018-08-15,60.05,60.67,59.5,60.54,13524800,0.0,0
2018-08-16,60.71,60.93,60.41,60.62,9958800,0.0,0
2018-08-17,60.38,61.01,60.03,60.89,15170500,0.0,0
2018-08-20,61.14,61.38,60.6,60.99,13966900,0.0,0
2018-08-21,60.92,61.56,60.87,61.35,12181400,0.0,0
2018-08-22,61.04,61.83,61.03,61.61,13860300,0.0,0
2018-08-23,61.74,62.03,61.58,61.63,12038100,0.0,0
2018-08-24,61.76,62.09,61.7,61.9,16001400,0.0,0
2018-08-27,62.1,62.2,61.96,62.07,12578000,0.0,0
2018-08-28,63.2,64.98,62.61,64.32,24952700,0.0,0
2018-08-29,64.22,64.59,63.73,63.79,11874300,0.0,0
2018-08-30,63.58,63.75,62.68,62.81,12027500,0.0,0
2018-08-31,62.67,63.6,62.63,63.34,11166900,0.0,0
2018-09-04,63.94,65.22,63.91,65.09,13024100,0.62,0
2018-09-05,64.93,66.11,64.47,65.94,15310700,0.0,0
2018-09-06,65.9,66.37,65.29,65.45,11997700,0.0,0
2018-09-07,64.96,65.69,64.75,65.47,24421900,0.0,0
2018-09-10,65.74,67.67,65.58,67.27,14636000,0.0,0
2018-09-11,66.82,67.59,66.8,67.45,9501100,0.0,0
2018-09-12,67.06,67.44,65.13,66.74,12638300,0.0,0
2018-09-13,68.54,70.1,68.35,69.4,24617700,0.0,0
2018-09-14,69.33,70.73,69.22,69.85,13450700,0.0,0
2018-09-17,69.62,70.02,68.01,68.13,11558300,0.0,0
2018-09-18,68.65,71.16,68.38,69.5,11692000,0.0,0
2018-09-19,70.11,70.11,68.62,68.89,12383200,0.0,0
2018-09-20,69.28,69.87,69.03,69.39,12013900,0.0,0
2018-09-21,69.61,69.64,68.02,68.55,23465400,0.0,0
2018-09-24,67.98,68.69,67.72,68.44,15446100,0.0,0
2018-09-25,67.57,68.43,67.51,67.66,20741900,0.0,0
2018-09-26,67.61,68.15,66.58,66.75,11306000,0.0,0
2018-09-27,67.14,67.61,66.48,66.7,12498300,0.0,0
2018-09-28,66.52,68.15,66.28,67.0,20080800,0.0,0
2018-10-01,67.4,68.3,67.07,67.53,9340200,0.0,0
2018-10-02,67.35,68.75,67.22,68.23,9221200,0.0,0
2018-10-03,68.45,68.73,67.52,67.57,7079800,0.0,0
2018-10-04,66.97,67.62,66.84,67.33,8599500,0.0,0
2018-10-05,67.34,67.59,65.62,66.24,23411300,0.0,0
2018-10-08,65.84,66.6,65.63,65.98,10104600,0.0,0
2018-10-09,65.82,66.01,65.2,65.23,10329200,0.0,0
2018-10-10,63.97,64.7,61.97,62.07,22296800,0.0,0
2018-10-11,61.72,62.31,59.17,59.8,25852600,0.0,0
2018-10-12,60.97,61.07,58.85,59.8,15760900,0.0,0
2018-10-15,59.75,60.65,59.54,59.69,12314700,0.0,0
2018-10-16,60.26,61.75,60.11,61.5,15931400,0.0,0
2018-10-17,61.75,61.96,60.73,61.49,14779100,0.0,0
2018-10-18,61.09,61.69,60.34,60.6,12218600,0.0,0
2018-10-19,60.88,61.59,60.46,60.8,10673000,0.0,0
2018-10-22,61.1,61.95,60.67,61.5,12890400,0.0,0
2018-10-23,59.22,62.25,59.13,61.75,13441000,0.0,0
2018-10-24,61.27,61.76,58.14,58.25,23384300,0.0,0
2018-10-25,59.36,59.37,58.0,58.79,20385700,0.0,0
2018-10-26,57.21,59.2,56.91,58.12,17049300,0.0,0
2018-10-29,59.07,59.24,56.99,57.83,14778300,0.0,0
2018-10-30,58.01,59.27,57.83,58.77,18865300,0.0,0
2018-10-31,58.52,59.09,57.74,58.5,12917500,0.0,0
2018-11-01,58.79,59.82,58.49,59.26,11003900,0.0,0
2018-11-02,59.48,59.49,57.99,58.91,13707900,0.0,0
2018-11-05,58.68,59.35,58.29,59.04,13373800,0.0,0
2018-11-06,58.93,59.85,58.05,59.19,8774100,0.0,0
2018-11-07,59.07,59.3,57.93,58.8,18493500,0.0,0
2018-11-08,53.95,55.95,53.58,54.0,32155200,0.0,0
2018-11-09,53.75,54.17,52.27,52.76,21745200,0.0,0
2018-11-12,52.43,52.56,50.63,50.69,24447800,0.0,0
2018-11-13,50.92,51.62,50.28,50.38,20883800,0.0,0
2018-11-14,51.01,51.06,49.92,50.17,14071900,0.0,0
2018-11-15,50.07,51.66,49.79,51.52,18856300,0.0,0
2018-11-16,51.27,53.06,51.15,51.98,57303300,0.0,0
2018-11-19,51.95,52.67,51.04,51.07,20321400,0.0,0
2018-11-20,50.42,51.56,50.3,51.09,20658300,0.0,0
2018-11-21,51.36,52.56,51.33,51.41,13015500,0.0,0
2018-11-23,50.95,51.86,50.93,51.39,4671900,0.0,0
2018-11-26,51.9,52.44,51.33,51.84,10373700,0.0,0
2018-11-27,51.71,52.3,51.49,51.69,9719000,0.0,0
2018-11-28,51.99,52.76,50.87,52.7,17483500,0.0,0
2018-11-29,53.85,54.93,53.74,54.05,26949000,0.0,0
2018-11-30,54.16,54.39,53.04,54.19,18197800,0.0,0
2018-12-03,56.29,56.29,54.32,55.01,17114500,0.0,0
2018-12-04,54.87,55.33,53.23,53.7,15836500,0.0,0
2018-12-06,52.67,53.79,52.36,53.7,18203300,0.62,0
2018-12-07,53.23,53.71,52.4,52.65,17054700,0.0,0
2018-12-10,54.32,54.77,53.26,53.82,20484900,0.0,0
2018-12-11,54.96,55.16,53.44,53.93,13116300,0.0,0
2018-12-12,54.95,55.08,54.09,54.27,13246500,0.0,0
2018-12-13,54.67,54.89,54.12,54.62,8949900,0.0,0
2018-12-14,54.12,55.48,53.93,54.18,13551000,0.0,0
2018-12-17,54.15,54.86,53.29,53.6,16648200,0.0,0
2018-12-18,54.24,55.04,53.97,54.33,12384200,0.0,0
2018-12-19,54.1,55.01,52.71,53.3,17376400,0.0,0
2018-12-20,53.8,54.48,52.71,53.0,21742300,0.0,0
2018-12-21,52.9,53.86,51.42,51.57,38202300,0.0,0
2018-12-24,50.49,51.61,50.37,50.45,8275000,0.0,0
2018-12-26,51.01,52.66,50.31,52.62,18451600,0.0,0
2018-12-27,52.22,53.02,51.5,52.74,15804800,0.0,0
2018-12-28,52.97,54.09,52.88,53.42,12749600,0.0,0
2018-12-31,53.71,53.98,52.92,53.51,8877000,0.0,0
2019-01-02,52.84,54.54,52.58,53.97,9896600,0.0,0
2019-01-03,52.61,53.45,52.2,52.37,14422200,0.0,0
2019-01-04,53.13,53.44,51.91,53.22,14177300,0.0,0
2019-01-07,53.02,53.75,52.61,53.07,12352000,0.0,0
2019-01-08,53.32,53.48,52.29,52.61,12110000,0.0,0
2019-01-09,52.9,53.7,52.79,53.23,10971000,0.0,0
2019-01-10,52.83,53.59,52.75,53.41,10958200,0.0,0
2019-01-11,53.1,54.7,52.97,54.07,12024300,0.0,0
2019-01-14,53.61,54.21,53.0,53.88,9449400,0.0,0
2019-01-15,53.9,53.97,52.24,52.4,17423400,0.0,0
2019-01-16,52.42,52.73,51.87,51.97,13856000,0.0,0
2019-01-17,51.69,51.9,51.12,51.5,18365000,0.0,0
2019-01-18,52.08,52.56,51.71,51.97,28020000,0.0,0
2019-01-22,51.69,51.71,50.72,51.05,17867500,0.0,0
2019-01-23,49.76,50.37,48.16,48.68,33788600,0.0,0
2019-01-24,48.85,48.88,47.4,47.78,32782700,0.0,0
2019-01-25,47.89,48.92,47.28,48.24,19516200,0.0,0
2019-01-28,47.32,48.23,47.24,47.62,24457600,0.0,0
2019-01-29,47.47,47.8,46.39,46.45,26266600,0.0,0
2019-01-30,46.71,47.83,46.27,47.17,18124100,0.0,0
2019-01-31,48.14,48.22,46.17,46.56,24736300,0.0,0
2019-02-01,46.62,47.28,46.45,46.65,15533200,0.0,0
2019-02-04,46.74,46.83,46.52,46.72,10880000,0.0,0
2019-02-05,46.76,48.03,46.75,47.7,15454200,0.0,0
2019-02-06,47.9,48.56,47.89,48.05,11052900,0.0,0
2019-02-07,47.79,48.07,47.27,47.53,10623300,0.0,0
2019-02-08,47.24,47.65,46.93,47.29,12461200,0.0,0
2019-02-11,47.53,48.24,47.37,47.79,9971800,0.0,0
2019-02-12,48.24,49.06,47.97,48.58,16637600,0.0,0
2019-02-13,48.89,49.36,48.48,48.51,11004000,0.0,0
2019-02-14,48.42,48.68,48.04,48.49,17895000,0.0,0
2019-02-15,48.97,49.23,48.52,48.88,12239500,0.0,0
2019-02-19,48.89,49.35,48.66,48.9,8258400,0.0,0
2019-02-20,49.13,49.76,49.03,49.32,12863700,0.0,0
2019-02-21,49.36,49.45,48.8,49.22,7826200,0.0,0
2019-02-22,49.54,49.98,49.5,49.95,13394500,0.0,0
2019-02-25,50.57,50.75,49.74,49.83,15341700,0.0,0
2019-02-26,49.91,50.04,49.16,49.86,11366700,0.0,0
2019-02-27,49.79,49.96,49.15,49.87,10426200,0.0,0
2019-02-28,49.84,50.55,49.56,50.2,19000200,0.0,0
2019-03-01,50.78,51.15,50.5,50.96,12659000,0.0,0
2019-03-04,51.32,51.43,50.08,50.57,14021700,0.0,0
2019-03-05,50.68,50.99,50.49,50.72,10092800,0.0,0
2019-03-06,51.26,52.75,51.11,52.13,20521300,0.62,0
2019-03-07,52.16,52.36,50.99,51.39,13667300,0.0,0
2019-03-08,50.84,51.01,50.44,50.92,10117100,0.0,0
2019-03-11,51.1,52.08,51.03,51.7,10738800,0.0,0
2019-03-12,51.99,52.61,51.88,52.16,9575300,0.0,0
2019-03-13,52.35,53.21,52.32,52.69,9198900,0.0,0
2019-03-14,52.82,53.14,52.55,52.7,7306100,0.0,0
2019-03-15,52.32,54.54,52.24,53.84,27985600,0.0,0
2019-03-18,53.86,54.4,53.69,54.06,13089300,0.0,0
2019-03-19,54.38,54.87,54.01,54.19,9363700,0.0,0
2019-03-20,54.25,54.88,53.98,54.37,8804800,0.0,0
2019-03-21,54.44,55.44,54.41,54.95,19542700,0.0,0
2019-03-22,54.87,55.26,53.98,54.05,10243500,0.0,0
2019-03-25,53.82,54.16,53.33,53.88,6929600,0.0,0
2019-03-26,54.36,55.54,53.91,55.17,16051800,0.0,0
2019-03-27,54.55,54.86,53.57,54.13,11934400,0.0,0
2019-03-28,54.25,54.59,53.59,53.79,11064300,0.0,0
2019-03-29,54.22,54.75,54.16,54.25,8529100,0.0,0
2019-04-01,54.83,55.31,54.32,54.99,12066500,0.0,0
2019-04-02,55.15,55.67,54.85,55.26,7614500,0.0,0
2019-04-03,55.36,55.45,54.39,54.87,11563400,0.0,0
2019-04-04,54.93,55.75,54.88,55.04,9905100,0.0,0
2019-04-05,55.15,55.35,54.88,55.16,12332600,0.0,0
2019-04-08,54.97,55.64,54.7,54.94,8942400,0.0,0
2019-04-09,54.76,54.85,54.25,54.64,11713400,0.0,0
2019-04-10,54.89,55.04,53.36,53.58,15976500,0.0,0
2019-04-11,53.69,54.12,53.07,53.17,13903800,0.0,0
2019-04-12,53.53,54.38,53.33,54.17,13483500,0.0,0
2019-04-15,54.35,54.86,54.25,54.39,10712500,0.0,0
2019-04-16,54.66,67.56,54.5,67.01,86755900,0.0,0
2019-04-17,74.97,78.49,72.76,75.22,156019300,0.0,0
2019-04-18,74.88,76.29,74.21,75.99,41621200,0.0,0
2019-04-22,75.94,78.48,75.47,77.97,33292500,0.0,0
2019-04-23,79.81,83.67,79.21,82.49,56973700,0.0,0
2019-04-24,82.79,84.31,81.14,82.59,40290400,0.0,0
2019-04-25,81.97,82.11,80.4,80.92,20732200,0.0,0
2019-04-26,80.39,82.53,80.1,82.41,18860600,0.0,0
2019-04-29,82.19,83.69,81.65,82.99,17930000,0.0,0
2019-04-30,82.74,83.19,81.85,81.93,17582400,0.0,0
2019-05-01,82.92,83.92,81.95,82.16,28211500,0.0,0
2019-05-02,83.23,85.93,81.95,82.89,40342000,0.0,0
2019-05-03,83.48,85.44,82.81,84.93,21068400,0.0,0
2019-05-06,82.12,84.37,81.94,83.94,15682100,0.0,0
2019-05-07,82.95,83.85,80.64,81.04,21579500,0.0,0
2019-05-08,80.71,81.54,80.01,80.42,15500700,0.0,0
2019-05-09,79.3,80.7,78.25,79.69,14516000,0.0,0
2019-05-10,79.31,82.12,79.28,81.65,15955600,0.0,0
2019-05-13,79.18,80.71,78.94,79.8,16689000,0.0,0
2019-05-14,80.16,82.22,79.9,81.93,14353700,0.0,0
2019-05-15,81.38,82.76,80.75,82.05,11784800,0.0,0
2019-05-16,79.7,80.66,78.12,78.77,22498800,0.0,0
2019-05-17,76.56,79.07,76.1,77.52,19523400,0.0,0
2019-05-20,74.15,74.51,72.36,72.88,32679300,0.0,0
2019-05-21,75.06,75.18,73.45,73.96,17282200,0.0,0
2019-05-22,65.76,68.24,64.65,65.93,66150700,0.0,0
2019-05-23,63.75,64.94,62.69,64.93,31820700,0.0,0
2019-05-24,65.57,65.78,62.75,62.98,21420000,0.0,0
2019-05-28,63.39,64.41,62.06,62.18,22667300,0.0,0
2019-05-29,62.17,62.92,61.6,62.55,16312600,0.0,0
2019-05-30,62.75,63.8,62.71,63.34,11554600,0.0,0
2019-05-31,62.57,64.53,62.33,63.56,15060300,0.0,0
2019-06-03,63.82,64.81,63.05,63.41,13620700,0.0,0
2019-06-04,64.31,65.16,63.45,65.11,15866700,0.0,0
2019-06-05,65.31,65.59,63.19,64.33,11779200,0.62,0
2019-06-06,64.24,65.25,63.61,64.88,10781700,0.0,0
2019-06-07,64.98,66.02,64.6,65.94,10495600,0.0,0
2019-06-10,66.23,68.6,66.23,67.71,15229200,0.0,0
2019-06-11,68.71,69.32,67.45,68.38,11839500,0.0,0
2019-06-12,66.74,67.55,66.43,66.8,9396200,0.0,0
2019-06-13,67.17,67.66,66.6,67.13,6790500,0.0,0
2019-06-14,65.61,66.35,65.18,65.97,12119500,0.0,0
2019-06-17,66.32,67.17,66.14,66.34,9411100,0.0,0
2019-06-18,66.9,69.49,66.88,69.08,14508000,0.0,0
2019-06-19,69.47,69.71,67.96,68.92,11999300,0.0,0
2019-06-20,70.26,70.72,69.33,69.82,9871800,0.0,0
2019-06-21,69.41,70.24,69.41,69.8,15244500,0.0,0
2019-06-24,70.04,70.51,69.31,70.23,8893000,0.0,0
2019-06-25,70.29,71.17,69.61,69.64,8953400,0.0,0
2019-06-26,70.8,72.66,70.7,71.95,13808000,0.0,0
2019-06-27,72.32,72.86,72.16,72.41,11151900,0.0,0
2019-06-28,72.63,73.38,71.81,73.02,29217500,0.0,0
2019-07-01,77.44,77.52,73.99,74.41,17693000,0.0,0
2019-07-02,74.18,74.37,73.55,73.92,7075600,0.0,0
2019-07-03,73.98,74.13,73.0,73.56,5290400,0.0,0
2019-07-05,71.23,73.64,71.13,73.59,9220800,0.0,0
2019-07-08,72.93,73.94,72.89,73.56,7924900,0.0,0
2019-07-09,73.38,73.76,72.8,73.48,7506500,0.0,0
2019-07-10,73.75,73.83,71.11,71.38,15075700,0.0,0
2019-07-11,71.53,72.74,70.36,70.76,14298400,0.0,0
2019-07-12,71.27,71.97,70.71,71.9,8028100,0.0,0
2019-07-15,72.14,72.86,71.79,72.41,8898200,0.0,0
2019-07-16,72.1,73.43,71.56,72.64,9909600,0.0,0
2019-07-17,75.42,76.22,72.67,72.72,20602300,0.0,0
2019-07-18,71.96,72.33,71.08,71.39,12580800,0.0,0
2019-07-19,71.44,72.67,71.44,71.99,14477400,0.0,0
2019-07-22,72.05,73.55,72.05,72.91,9645800,0.0,0
2019-07-23,72.32,72.56,70.37,71.15,14420400,0.0,0
2019-07-24,71.04,73.36,70.73,72.83,14012700,0.0,0
2019-07-25,72.8,73.09,72.09,72.33,7299500,0.0,0
2019-07-26,72.1,72.81,71.85,72.2,8262500,0.0,0
2019-07-29,72.15,73.26,71.68,71.96,8237500,0.0,0
2019-07-30,71.59,72.06,71.38,71.81,7397900,0.0,0
2019-07-31,71.83,72.26,69.84,70.23,14052800,0.0,0
2019-08-01,66.12,70.76,65.51,68.35,29729800,0.0,0
2019-08-02,67.62,68.66,67.2,68.3,12649400,0.0,0
2019-08-05,67.17,68.0,65.81,66.04,13071800,0.0,0
2019-08-06,66.73,67.13,64.68,65.44,13189900,0.0,0
2019-08-07,64.56,66.81,64.43,66.62,8934900,0.0,0
2019-08-08,66.77,68.49,66.57,68.4,8367900,0.0,0
2019-08-09,67.68,69.3,67.38,68.63,8702200,0.0,0
2019-08-12,68.15,68.61,66.93,67.0,7364300,0.0,0
2019-08-13,67.09,69.56,66.53,69.29,10134800,0.0,0
2019-08-14,67.81,69.01,67.72,68.04,10336900,0.0,0
2019-08-15,68.58,69.3,67.76,68.31,9107000,0.0,0
2019-08-16,68.97,70.47,68.85,70.34,10090600,0.0,0
2019-08-19,71.59,72.5,71.17,71.87,9688400,0.0,0
2019-08-20,71.58,73.38,71.35,73.02,9387300,0.0,0
2019-08-21,73.43,74.1,72.94,73.63,11004100,0.0,0
2019-08-22,73.83,74.83,73.53,74.06,7198800,0.0,0
2019-08-23,73.07,75.93,70.28,70.57,16479400,0.0,0
2019-08-26,71.9,72.08,69.61,69.99,11153800,0.0,0
2019-08-27,70.73,71.4,70.27,71.0,7303100,0.0,0
2019-08-28,70.83,71.88,69.99,71.37,5678500,0.0,0
2019-08-29,72.2,73.94,72.2,73.39,7348400,0.0,0
2019-08-30,74.09,74.92,73.91,74.65,8465300,0.0,0
2019-09-03,73.69,73.9,71.71,72.11,7580700,0.0,0
2019-09-04,72.94,74.03,72.6,74.0,4923700,0.0,0
2019-09-05,74.77,77.22,74.77,75.82,13480300,0.0,0
2019-09-06,75.79,75.91,75.3,75.68,5128000,0.0,0
2019-09-09,75.87,76.26,74.84,75.07,6885100,0.0,0
2019-09-10,74.9,75.72,74.24,75.55,9373900,0.0,0
2019-09-11,75.63,77.32,75.58,77.31,6575700,0.62,0
2019-09-12,77.45,77.45,76.03,76.51,5847100,0.0,0
2019-09-13,76.61,76.96,75.83,75.86,5343700,0.0,0
2019-09-16,75.06,75.94,74.41,75.51,3756500,0.0,0
2019-09-17,75.09,76.23,74.99,76.14,4400800,0.0,0
2019-09-18,76.14,76.5,75.12,76.34,5147500,0.0,0
2019-09-19,76.67,77.4,75.67,75.69,5180900,0.0,0
2019-09-20,75.66,76.14,73.7,73.96,9122000,0.0,0
2019-09-23,74.18,75.38,73.59,74.73,5815700,0.0,0
2019-09-24,75.54,75.76,72.21,72.79,10177800,0.0,0
2019-09-25,72.59,74.97,72.45,74.75,5571600,0.0,0
2019-09-26,74.65,75.17,73.47,74.84,3760300,0.0,0
2019-09-27,74.51,75.66,73.74,74.14,5013200,0.0,0
2019-09-30,74.39,74.45,73.55,73.8,4775800,0.0,0
2019-10-01,74.56,75.53,72.54,73.02,7043700,0.0,0
2019-10-02,72.82,73.25,71.37,71.59,5997500,0.0,0
2019-10-03,71.53,73.37,70.78,73.27,5419400,0.0,0
2019-10-04,73.84,75.04,73.38,74.97,4893600,0.0,0
2019-10-07,74.51,75.03,73.79,73.86,4215500,0.0,0
2019-10-08,73.07,73.36,70.45,70.48,8489600,0.0,0
2019-10-09,71.51,72.37,71.17,71.94,5137500,0.0,0
2019-10-10,71.94,73.5,71.76,72.54,5580600,0.0,0
2019-10-11,73.72,75.29,73.54,74.21,7280800,0.0,0
2019-10-14,74.16,74.86,73.8,73.82,4545300,0.0,0
2019-10-15,74.38,75.45,73.8,75.29,5222500,0.0,0
2019-10-16,74.97,75.78,74.77,75.69,6218000,0.0,0
2019-10-17,76.14,77.36,75.85,76.41,5916700,0.0,0
2019-10-18,76.07,76.65,75.15,75.16,6107000,0.0,0
2019-10-21,75.84,76.52,75.48,76.42,5119800,0.0,0
2019-10-22,76.37,76.5,75.7,75.92,4944500,0.0,0
2019-10-23,74.7,75.59,74.37,74.73,5785700,0.0,0
2019-10-24,75.53,76.45,75.07,76.43,5271200,0.0,0
2019-10-25,76.44,77.63,76.35,77.57,6712300,0.0,0
2019-10-28,77.93,80.43,77.93,80.35,9949800,0.0,0
2019-10-29,80.06,80.16,78.8,79.01,4993600,0.0,0
2019-10-30,79.43,79.58,78.23,78.8,3971000,0.0,0
2019-10-31,78.8,78.82,77.25,77.83,5693700,0.0,0
2019-11-01,78.94,80.93,78.61,80.87,8620300,0.0,0
2019-11-04,81.8,83.08,81.57,82.33,8389200,0.0,0
2019-11-05,82.43,82.96,81.98,82.69,7280000,0.0,0
2019-11-06,82.57,82.83,81.49,81.88,9755300,0.0,0
2019-11-07,86.91,89.5,85.45,87.06,30254000,0.0,0
2019-11-08,87.06,91.05,86.69,90.98,16371300,0.0,0
2019-11-11,88.73,89.52,87.94,88.86,11297700,0.0,0
2019-11-12,89.19,89.25,87.24,88.02,9332100,0.0,0
2019-11-13,87.76,88.92,86.71,87.53,9353200,0.0,0
2019-11-14,87.38,87.64,86.53,87.54,8793600,0.0,0
2019-11-15,89.59,90.89,87.64,87.86,25490200,0.0,0
2019-11-18,87.86,88.99,86.38,87.54,10360500,0.0,0
2019-11-19,88.29,88.42,83.87,85.1,18091300,0.0,0
2019-11-20,84.97,85.49,82.54,82.84,13045100,0.0,0
2019-11-21,82.04,83.5,81.8,82.35,10180400,0.0,0
2019-11-22,82.52,83.03,81.79,82.13,6166700,0.0,0
2019-11-25,82.98,83.49,82.32,82.52,8964100,0.0,0
2019-11-26,82.48,82.77,81.41,81.88,11584500,0.0,0
2019-11-27,82.4,82.54,81.73,82.05,5215000,0.0,0
2019-11-29,81.77,82.34,80.71,80.84,3882400,0.0,0
2019-12-02,81.25,81.55,79.64,79.77,7668800,0.0,0
2019-12-03,78.74,78.75,77.22,77.96,11126100,0.0,0
2019-12-04,78.9,80.38,78.44,80.03,8477400,0.62,0
2019-12-05,80.59,81.36,79.74,80.53,6358300,0.0,0
2019-12-06,81.37,82.15,81.34,81.73,6860400,0.0,0
2019-12-09,81.9,83.17,81.75,82.8,8382900,0.0,0
2019-12-10,82.92,83.2,81.6,82.02,8082200,0.0,0
2019-12-11,82.72,84.93,82.64,84.82,9571500,0.0,0
2019-12-12,84.67,87.0,84.21,86.83,12164600,0.0,0
2019-12-13,86.69,87.46,85.37,85.64,12269100,0.0,0
2019-12-16,87.05,88.2,86.14,86.22,8719100,0.0,0
2019-12-17,86.78,86.82,85.49,86.12,7485900,0.0,0
2019-12-18,86.33,86.44,85.4,85.78,5860600,0.0,0
2019-12-19,86.15,86.49,85.43,86.28,7471400,0.0,0
2019-12-20,86.6,87.61,85.98,86.63,17538000,0.0,0
2019-12-23,86.79,87.1,86.05,86.24,7274700,0.0,0
2019-12-24,86.41,86.59,85.78,86.55,2435200,0.0,0
2019-12-26,86.7,86.74,85.8,86.19,5070000,0.0,0
2019-12-27,86.68,86.73,85.89,86.58,5808900,0.0,0
2019-12-30,86.5,86.56,85.13,86.22,6543100,0.0,0
2019-12-31,85.79,86.55,85.69,86.03,5173400,0.0,0
2020-01-02,86.83,87.57,85.88,86.48,8413900,0.0,0
2020-01-03,85.08,85.45,84.28,84.85,8340300,0.0,0
2020-01-06,83.77,84.39,83.4,84.35,8381400,0.0,0
2020-01-07,84.87,87.26,84.74,86.75,8377400,0.0,0
2020-01-08,86.68,87.24,85.73,86.5,7619900,0.0,0
2020-01-09,87.42,88.46,86.61,87.67,9155500,0.0,0
2020-01-10,88.25,90.08,87.63,88.01,9668300,0.0,0
2020-01-13,88.78,90.42,88.29,88.7,10367800,0.0,0
2020-01-14,88.85,89.32,88.04,88.3,7800100,0.0,0
2020-01-15,88.48,88.9,87.02,87.43,7259100,0.0,0
2020-01-16,87.97,89.93,87.58,89.5,9295500,0.0,0
2020-01-17,90.68,93.77,90.63,93.52,23694400,0.0,0
2020-01-21,92.95,93.33,91.09,92.18,10868500,0.0,0
2020-01-22,92.88,93.01,90.4,90.65,8342300,0.0,0
2020-01-23,90.53,90.63,89.18,89.7,11282000,0.0,0
2020-01-24,90.37,90.92,86.61,87.41,9471700,0.0,0
2020-01-27,85.12,86.02,84.29,84.88,9240200,0.0,0
2020-01-28,85.95,87.3,85.21,86.92,9187000,0.0,0
2020-01-29,86.45,86.8,85.17,86.03,8158500,0.0,0
2020-01-30,85.13,85.67,84.04,85.59,8379400,0.0,0
2020-01-31,84.88,84.99,82.92,83.18,9503600,0.0,0
2020-02-03,83.41,84.42,83.03,84.32,7794600,0.0,0
2020-02-04,86.05,86.73,85.19,86.71,9236400,0.0,0
2020-02-05,88.72,88.86,87.04,88.64,14220900,0.0,0
2020-02-06,85.86,88.51,84.04,88.35,21059000,0.0,0
2020-02-07,87.38,87.78,85.2,85.24,10725100,0.0,0
2020-02-10,84.61,86.43,84.34,86.39,7481300,0.0,0
2020-02-11,87.14,89.19,86.68,87.75,9452800,0.0,0
2020-02-12,89.36,90.13,89.01,89.43,9824200,0.0,0
2020-02-13,88.76,89.1,87.54,87.78,8428300,0.0,0
2020-02-14,88.29,88.53,86.57,87.36,6256500,0.0,0
2020-02-18,85.64,86.78,85.34,85.83,7248100,0.0,0
2020-02-19,86.7,88.36,86.44,88.3,7820900,0.0,0
2020-02-20,88.54,89.59,86.47,87.24,9754900,0.0,0
2020-02-21,86.35,86.81,84.17,84.86,12257600,0.0,0
2020-02-24,81.81,82.71,80.65,81.24,12158500,0.0,0
2020-02-25,81.84,82.29,77.65,78.22,14725000,0.0,0
2020-02-26,78.98,79.98,77.12,77.67,13125000,0.0,0
2020-02-27,75.2,76.24,73.45,74.04,17898300,0.0,0
2020-02-28,71.92,77.82,71.51,76.35,20905500,0.0,0
2020-03-02,77.05,78.7,75.2,78.55,15043400,0.0,0
2020-03-03,78.8,80.59,75.89,76.6,16356200,0.0,0
2020-03-04,77.76,80.5,76.71,80.39,9894900,0.62,0
2020-03-05,78.09,79.97,77.35,77.81,9396200,0.0,0
2020-03-06,75.02,76.74,74.53,76.14,11536500,0.0,0
2020-03-09,71.15,74.79,70.59,71.39,13898500,0.0,0
2020-03-10,73.51,77.68,72.88,77.53,13615600,0.0,0
2020-03-11,74.98,76.45,72.45,73.34,13376500,0.0,0
2020-03-12,68.32,71.28,65.85,65.87,19386200,0.0,0
2020-03-13,69.96,75.35,66.1,74.51,15971400,0.0,0
2020-03-16,67.11,69.95,63.35,63.37,16134700,0.0,0
2020-03-17,64.78,68.61,61.13,67.68,16864500,0.0,0
2020-03-18,62.47,64.43,57.0,60.14,18381200,0.0,0
2020-03-19,60.07,66.39,58.02,63.88,17127400,0.0,0
2020-03-20,63.91,66.81,59.74,59.86,16591500,0.0,0
2020-03-23,60.49,63.74,58.09,61.45,14920300,0.0,0
2020-03-24,64.86,66.46,61.12,64.33,18966800,0.0,0
2020-03-25,64.77,65.81,61.39,61.99,15969800,0.0,0
2020-03-26,62.9,68.46,62.16,67.79,15820300,0.0,0
2020-03-27,65.36,67.93,64.8,65.44,9739100,0.0,0
2020-03-30,66.03,68.3,64.92,67.84,9880800,0.0,0
2020-03-31,68.11,69.15,65.51,66.49,13213900,0.0,0
2020-04-01,63.88,67.52,63.88,64.77,14167900,0.0,0
2020-04-02,64.74,67.09,64.19,66.85,15432900,0.0,0
2020-04-03,66.52,67.51,63.44,64.11,8600700,0.0,0
2020-04-06,67.32,70.14,66.49,69.73,12153100,0.0,0
2020-04-07,72.39,73.61,69.64,71.48,11285600,0.0,0
2020-04-08,72.43,73.1,71.17,72.07,10695600,0.0,0
2020-04-09,73.34,73.55,68.8,70.35,15465100,0.0,0
2020-04-13,70.48,72.25,70.21,72.04,7896500,0.0,0
2020-04-14,73.71,76.33,73.68,76.22,11314100,0.0,0
2020-04-15,74.55,75.03,72.76,74.68,9951700,0.0,0
2020-04-16,75.54,76.35,74.08,75.53,8819700,0.0,0
2020-04-17,75.99,76.9,74.18,74.86,9926000,0.0,0
2020-04-20,73.73,74.92,72.82,73.03,7217700,0.0,0
2020-04-21,72.05,72.7,70.52,70.6,9273800,0.0,0
2020-04-22,72.52,74.04,71.5,73.39,7367900,0.0,0
2020-04-23,73.71,74.86,72.49,72.54,7673800,0.0,0
2020-04-24,72.65,74.8,72.39,74.73,6073800,0.0,0
2020-04-27,75.27,76.48,74.19,74.67,7219500,0.0,0
2020-04-28,75.78,76.44,73.87,73.99,6250500,0.0,0
2020-04-29,75.84,77.88,75.51,77.61,11950200,0.0,0
2020-04-30,78.89,79.48,75.95,77.32,17113500,0.0,0
2020-05-01,75.53,76.25,73.39,74.34,9742100,0.0,0
2020-05-04,73.87,74.63,72.82,74.38,7202400,0.0,0
2020-05-05,75.43,77.45,75.24,76.29,7540800,0.0,0
2020-05-06,77.45,78.76,77.17,77.51,8179700,0.0,0
2020-05-07,78.33,78.79,76.91,77.47,7291800,0.0,0
2020-05-08,78.33,79.69,77.99,79.17,7892200,0.0,0
2020-05-11,78.91,79.87,78.17,79.1,6604600,0.0,0
2020-05-12,79.89,80.38,77.05,77.07,7318100,0.0,0
2020-05-13,77.5,78.14,75.43,76.66,9584800,0.0,0
2020-05-14,76.17,78.62,75.15,78.5,9956800,0.0,0
2020-05-15,73.39,76.36,73.09,74.47,29597800,0.0,0
2020-05-18,75.94,78.8,75.88,78.56,13196100,0.0,0
2020-05-19,78.38,78.77,76.66,76.75,8118400,0.0,0
2020-05-20,78.58,80.55,78.32,79.24,11379200,0.0,0
2020-05-21,78.1,78.71,76.53,76.66,8141500,0.0,0
2020-05-22,76.91,77.4,75.96,77.35,5530400,0.0,0
2020-05-26,78.81,79.18,76.44,76.68,10067300,0.0,0
2020-05-27,76.92,77.96,74.85,77.93,9125900,0.0,0
2020-05-28,78.86,80.08,76.39,76.77,11161700,0.0,0
2020-05-29,77.35,79.8,76.56,79.49,10562500,0.0,0
2020-06-01,78.52,79.1,77.88,78.36,6474800,0.0,0
2020-06-02,78.55,83.42,78.53,83.17,13255300,0.0,0
2020-06-03,84.13,85.12,82.82,83.3,13029300,0.65,0
2020-06-04,83.14,85.87,83.14,85.21,12109000,0.0,0
2020-06-05,87.16,88.62,86.98,87.7,11882100,0.0,0
2020-06-08,88.15,90.62,87.49,90.49,9748300,0.0,0
2020-06-09,89.36,89.52,88.2,88.89,7327700,0.0,0
2020-06-10,89.38,91.26,89.17,90.14,9079700,0.0,0
2020-06-11,87.77,88.2,83.1,83.21,15241700,0.0,0
2020-06-12,85.42,86.3,82.73,84.42,10113200,0.0,0
2020-06-15,82.87,85.74,82.3,85.56,9852600,0.0,0
2020-06-16,89.04,89.57,86.92,88.66,12639800,0.0,0
2020-06-17,89.81,90.22,88.44,89.08,7620300,0.0,0
2020-06-18,88.99,89.62,88.18,89.06,5709500,0.0,0
2020-06-19,89.01,89.38,86.7,87.96,23213800,0.0,0
2020-06-22,87.87,88.58,86.77,88.27,8028000,0.0,0
2020-06-23,89.27,89.74,88.25,88.49,7778700,0.0,0
2020-06-24,88.31,88.97,86.58,88.28,8208800,0.0,0
2020-06-25,87.85,88.6,86.48,88.11,7062600,0.0,0
2020-06-26,88.21,88.87,86.7,87.17,9126500,0.0,0
2020-06-29,87.36,88.29,85.85,88.16,5870400,0.0,0
2020-06-30,88.34,91.05,88.15,90.33,9378500,0.0,0
2020-07-01,90.14,90.42,88.72,88.92,6990600,0.0,0
2020-07-02,90.22,91.61,89.93,90.99,8317300,0.0,0
2020-07-06,92.32,92.85,91.22,92.03,6933100,0.0,0
2020-07-07,92.08,92.65,91.03,91.26,6722400,0.0,0
2020-07-08,92.37,92.7,91.45,92.63,6692700,0.0,0
2020-07-09,93.05,93.05,90.56,92.35,6287700,0.0,0
2020-07-10,92.11,92.62,90.68,91.62,5687600,0.0,0
2020-07-13,92.4,93.23,90.32,90.45,7606400,0.0,0
2020-07-14,89.99,91.73,88.34,91.49,6571000,0.0,0
2020-07-15,92.04,92.04,90.14,91.66,6154100,0.0,0
2020-07-16,90.38,90.87,89.81,90.32,6178700,0.0,0
2020-07-17,90.8,91.57,90.13,91.34,5985700,0.0,0
2020-07-20,91.3,92.37,90.42,92.28,5407500,0.0,0
2020-07-21,92.65,92.95,90.93,91.42,7099700,0.0,0
2020-07-22,91.85,92.39,90.79,91.71,4366400,0.0,0
2020-07-23,92.02,92.08,88.37,88.81,9438500,0.0,0
2020-07-24,88.35,89.42,86.67,88.04,9520000,0.0,0
2020-07-27,89.16,91.95,88.4,91.81,8021700,0.0,0
2020-07-28,91.29,91.7,89.7,90.57,5818400,0.0,0
2020-07-29,91.2,92.72,90.86,92.14,11453000,0.0,0
2020-07-30,101.44,106.66,99.73,106.16,42122500,0.0,0
2020-07-31,104.65,106.72,103.51,104.6,16770300,0.0,0
2020-08-03,106.37,111.91,106.0,108.54,18899400,0.0,0
2020-08-04,108.44,109.95,107.62,109.88,10205400,0.0,0
2020-08-05,109.93,111.38,109.02,110.32,7970400,0.0,0
2020-08-06,110.16,110.29,108.87,109.99,6392200,0.0,0
2020-08-07,108.95,109.98,104.98,107.21,11155900,0.0,0
2020-08-10,107.56,107.94,104.7,105.34,10087100,0.0,0
2020-08-11,105.18,110.93,103.73,107.79,17803000,0.0,0
2020-08-12,109.33,115.13,108.6,114.68,18672300,0.0,0
2020-08-13,115.08,115.08,111.69,112.32,9958400,0.0,0
2020-08-14,112.21,113.42,111.49,112.65,6641000,0.0,0
2020-08-17,112.2,113.39,109.57,111.1,10283000,0.0,0
2020-08-18,111.83,112.29,110.45,110.95,6387000,0.0,0
2020-08-19,111.25,112.38,109.69,109.97,7747600,0.0,0
2020-08-20,108.94,109.91,108.62,109.6,7200300,0.0,0
2020-08-21,109.17,112.06,108.89,111.92,8546900,0.0,0
2020-08-24,113.27,114.89,112.18,114.8,10235000,0.0,0
2020-08-25,115.0,115.98,113.34,114.84,6208000,0.0,0
2020-08-26,115.13,115.43,114.06,114.93,7487400,0.0,0
2020-08-27,115.31,117.05,114.24,114.91,8206200,0.0,0
2020-08-28,115.59,117.12,115.05,117.07,6280300,0.0,0
2020-08-31,117.19,119.9,116.99,117.96,9694600,0.0,0
2020-09-01,119.92,121.39,118.36,120.84,9101300,0.0,0
2020-09-02,122.73,123.4,121.29,122.65,9167700,0.65,0
2020-09-03,120.78,121.19,115.1,115.93,13560800,0.0,0
2020-09-04,115.19,117.31,111.9,115.47,11064300,0.0,0
2020-09-08,111.46,113.39,109.15,109.3,10245200,0.0,0
2020-09-09,112.99,115.27,111.82,113.53,9708400,0.0,0
2020-09-10,114.66,115.31,111.09,111.96,6166300,0.0,0
2020-09-11,112.89,114.36,111.92,112.93,6740200,0.0,0
2020-09-14,114.74,114.93,112.17,112.97,5397300,0.0,0
2020-09-15,114.45,117.3,114.3,116.08,8773700,0.0,0
2020-09-16,117.49,117.49,114.05,114.07,6340100,0.0,0
2020-09-17,111.44,115.2,110.52,114.39,7418100,0.0,0
2020-09-18,114.55,114.93,109.33,110.21,15443200,0.0,0
2020-09-21,108.69,111.66,107.83,111.44,8197600,0.0,0
2020-09-22,112.13,113.76,109.95,113.33,6911200,0.0,0
2020-09-23,113.15,113.44,109.6,110.09,6553300,0.0,0
2020-09-24,108.92,112.8,108.77,111.71,6849000,0.0,0
2020-09-25,113.06,115.25,111.32,114.01,11718000,0.0,0
2020-09-28,115.46,118.23,114.43,117.96,9043600,0.0,0
2020-09-29,117.63,118.74,116.7,116.88,5655700,0.0,0
2020-09-30,117.0,118.75,116.42,117.17,5829700,0.0,0
2020-10-01,119.41,119.69,117.19,119.01,5316800,0.0,0
2020-10-02,116.28,118.15,114.93,114.97,5834300,0.0,0
2020-10-05,116.4,120.13,116.23,120.0,5835900,0.0,0
2020-10-06,119.93,121.99,118.59,119.03,7637000,0.0,0
2020-10-07,120.72,122.83,120.13,122.5,7410300,0.0,0
2020-10-08,123.47,123.9,121.32,121.81,4757500,0.0,0
2020-10-09,123.4,125.35,122.26,124.33,11073400,0.0,0
2020-10-12,127.15,127.15,124.41,126.15,7893800,0.0,0
2020-10-13,126.92,127.63,124.86,126.91,7605700,0.0,0
2020-10-14,128.53,131.85,128.38,129.32,13183600,0.0,0
2020-10-15,126.75,128.59,126.11,128.03,7376600,0.0,0
2020-10-16,129.14,129.63,127.19,128.48,6625400,0.0,0
2020-10-19,129.57,131.39,127.15,127.87,5765800,0.0,0
2020-10-20,128.62,128.77,126.96,127.75,4409800,0.0,0
2020-10-21,127.49,129.86,125.83,128.0,4344000,0.0,0
2020-10-22,128.95,129.03,126.31,127.83,3895100,0.0,0
2020-10-23,128.04,128.55,126.55,128.33,3943100,0.0,0
2020-10-26,126.98,128.12,123.87,125.66,6065900,0.0,0
2020-10-27,125.97,126.41,124.65,125.37,5825500,0.0,0
2020-10-28,122.97,123.29,120.53,121.06,8234800,0.0,0
2020-10-29,121.54,127.14,121.37,125.9,7053300,0.0,0
2020-10-30,123.15,124.71,121.08,122.83,7811200,0.0,0
2020-11-02,123.96,125.63,121.88,123.44,5860300,0.0,0
2020-11-03,124.9,126.37,124.15,124.91,5832800,0.0,0
2020-11-04,128.76,129.01,125.53,128.42,12608900,0.0,0
2020-11-05,145.19,148.16,141.22,144.79,27910900,0.0,0
2020-11-06,145.38,145.6,143.34,144.39,7278500,0.0,0
2020-11-09,148.77,148.77,141.83,142.0,10666300,0.0,0
2020-11-10,139.55,142.55,137.93,139.51,12019900,0.0,0
2020-11-11,143.88,147.45,143.38,147.06,10222700,0.0,0
2020-11-12,146.94,147.87,142.46,143.29,8580700,0.0,0
2020-11-13,144.91,145.62,142.61,143.64,5899200,0.0,0
2020-11-16,144.58,148.61,143.93,148.43,7598500,0.0,0
2020-11-17,148.38,149.21,146.55,148.1,7438600,0.0,0
2020-11-18,148.6,152.67,146.28,146.42,12124500,0.0,0
2020-11-19,145.93,148.66,144.83,146.9,7743700,0.0,0
2020-11-20,147.64,148.46,145.31,145.4,5551900,0.0,0
2020-11-23,141.74,146.37,141.27,143.2,11649400,0.0,0
2020-11-24,142.77,145.7,140.5,145.3,10800800,0.0,0
2020-11-25,145.32,146.86,143.42,143.46,6398900,0.0,0
2020-11-27,144.86,145.8,143.08,143.21,3878000,0.0,0
2020-11-30,144.01,146.66,143.43,146.54,8712500,0.0,0
2020-12-01,148.15,151.74,147.15,150.61,11910500,0.0,0
2020-12-02,150.51,151.49,149.62,149.98,7800300,0.65,0
2020-12-03,151.04,152.77,149.64,149.91,6355300,0.0,0
2020-12-04,150.3,158.09,150.0,157.62,12759900,0.0,0
2020-12-07,158.55,158.97,156.71,158.02,7009300,0.0,0
2020-12-08,157.46,159.29,155.87,158.8,6088300,0.0,0
2020-12-09,158.6,161.07,155.55,156.02,7947200,0.0,0
2020-12-10,154.42,157.85,152.73,155.75,7522200,0.0,0
2020-12-11,149.24,150.27,141.89,144.28,25923100,0.0,0
2020-12-14,144.9,147.75,143.33,146.29,12258500,0.0,0
2020-12-15,149.37,149.92,147.1,148.36,6619800,0.0,0
2020-12-16,149.14,150.44,146.71,149.74,6610900,0.0,0
2020-12-17,150.87,151.23,148.38,149.53,7039000,0.0,0
2020-12-18,150.79,150.79,146.12,147.42,13288300,0.0,0
2020-12-21,145.01,147.36,144.41,146.8,7024600,0.0,0
2020-12-22,146.61,147.03,144.72,146.34,5751500,0.0,0
2020-12-23,147.63,151.54,146.87,146.96,5186700,0.0,0
2020-12-24,147.8,148.9,147.2,148.79,2120200,0.0,0
2020-12-28,150.62,151.07,147.44,147.74,4576600,0.0,0
2020-12-29,148.97,148.99,147.03,148.49,3543800,0.0,0
2020-12-30,149.12,151.61,148.92,149.95,3965600,0.0,0
2020-12-31,150.32,152.56,150.1,152.34,4941700,0.0,0
2021-01-04,153.01,155.15,147.14,148.5,9827000,0.0,0
2021-01-05,148.65,152.7,148.5,152.43,8507200,0.0,0
2021-01-06,151.53,153.87,149.47,151.19,7174600,0.0,0
2021-01-07,152.33,156.42,152.26,155.7,8482300,0.0,0
2021-01-08,157.23,157.53,154.54,156.64,6252400,0.0,0
2021-01-11,156.1,158.13,154.92,156.11,5148700,0.0,0
2021-01-12,156.64,156.87,153.96,154.45,4385700,0.0,0
2021-01-13,155.19,157.93,153.65,157.42,5479900,0.0,0
2021-01-14,159.4,163.18,158.5,160.85,10102400,0.0,0
2021-01-15,160.77,160.86,156.88,157.09,8607400,0.0,0
2021-01-19,158.94,164.1,158.45,163.77,8209000,0.0,0
2021-01-20,164.72,167.94,164.44,164.6,7943300,0.0,0
2021-01-21,165.81,166.49,163.34,164.75,6306200,0.0,0
2021-01-22,164.0,164.27,161.52,162.42,5062300,0.0,0
2021-01-25,164.32,167.05,161.73,164.4,5370800,0.0,0
2021-01-26,164.2,164.65,160.91,162.55,6554200,0.0,0
2021-01-27,158.49,160.73,152.69,153.67,9854000,0.0,0
2021-01-28,156.28,158.97,153.11,155.55,8087400,0.0,0
2021-01-29,160.25,160.64,154.75,156.28,9470100,0.0,0
2021-02-01,157.37,162.4,156.49,161.58,8265100,0.0,0
2021-02-02,164.51,165.38,161.3,164.78,6926500,0.0,0
2021-02-03,167.58,167.58,161.8,162.3,14156700,0.0,0
2021-02-04,150.18,151.78,145.2,147.97,46141800,0.0,0
2021-02-05,148.85,148.9,144.62,145.84,24663900,0.0,0
2021-02-08,147.1,147.6,145.3,147.38,12181600,0.0,0
2021-02-09,147.55,148.5,145.9,146.11,11681300,0.0,0
2021-02-10,147.62,147.75,144.37,145.5,11701300,0.0,0
2021-02-11,145.78,146.57,143.53,145.56,11593400,0.0,0
2021-02-12,145.57,151.4,144.87,147.98,9142400,0.0,0
2021-02-16,149.0,149.74,146.06,147.16,10205500,0.0,0
2021-02-17,145.82,146.89,143.42,144.75,11937200,0.0,0
2021-02-18,143.54,144.7,142.96,143.91,8404400,0.0,0
2021-02-19,144.78,145.85,143.49,144.94,10007500,0.0,0
2021-02-22,142.25,144.12,141.04,141.24,4885446,0.0,0
